"取引日","取引所コード","取引種別","現商品コード","取組高(当業者)(売)","取組高(当業者)(買)","取組高(プロップ、マーケット・メーカー)(売)","取組高(プロップ、マーケット・メーカー)(買)","取組高(ファンド・投資信託)(売)","取組高(ファンド・投資信託)(買)","取組高(一般投資家)(売)","取組高(一般投資家)(買)","取組高(取次者経由)(売)","取組高(取次者経由)(買)","取組高(外国商品先物取引業者経由)(売)","取組高(外国商品先物取引業者経由)(買)","期近帳入値","期先帳入値"
"20200520","77","11","11","16328","3610","2522","3667","0","418","21176","26413","3285","4904","2198","6497","6064","6062"
"20200520","77","12","16","","","9729","2118","0","1","3945","4238","736","617","507","7943","6064","6062"
"20200520","77","11","12","767","32","7","7","","","149","734","5","108","145","192","60.3","61"
"20200520","77","11","13","9994","866","594","1099","0","242","6747","13556","3043","4498","1303","1420","2926","2881"
"20200520","77","12","17","","","1056","381","","","852","1335","104","200","292","388","2926","2881"
"20200520","77","12","19","","","903","971","","","1795","6688","2724","4669","7199","293","2919","2919"
"20200520","77","12","18","","","396","3301","","","36429","31671","6716","7232","34","1371","6049","6049"
"20200520","77","11","14","540","463","","","","","133","224","19","12","12","5","6798","7126"
"20200520","77","11","31","1301","758","137","187","","","263","689","30","103","116","110","30500","34210"
"20200520","77","11","32","486","519","86","151","","","114","90","","","78","4","32400","34510"
"20200520","77","11","34","","","","","","","","","","","","","44600","47100"
"20200520","77","12","33","42382","7088","5847","5471","0","141569","3370","4044","455","1140","118535","11277","23870","25140"
"20200520","77","11","37","384","280","26","127","","","0","3","","","","","30500","34000"
"20200520","77","11","38","66","113","49","0","","","0","2","","","","","35000","34000"
"20200520","77","11","81","1944","5876","223","229","","","2027","3945","1120","1751","8083","1596","141.6","154.9"
"20200520","77","11","201","1264","132","16","27","","","399","1483","61","244","171","25","19200","22430"
"20200520","77","11","202","","","","","","","","","","","","","46000","46000"
"20200520","77","11","204","2","1","","","","","0","2","1","0","","","17300","14400"
"20200520","77","12","41","","","","","","","","","","","","","29000","31000"
"20200520","77","12","42","","","","","","","","","","","","","31000","31000"
"20200520","77","12","43","","","","","","","","","","","","","36000","46100"
"20200520","77","12","44","","","","","","","","","","","","","34000","34000"
"20200520","77","12","45","","","","","","","","","","","","","34000","34000"
"20200520","77","12","46","","","","","","","","","","","","","36000","46300"
"20200520","77","12","61","110","110","","","","","","","","","","","6.09","7.11"
"20200520","77","12","62","","","","","","","","","","","","","6.94","9.92"
"20200520","77","12","63","1230","1260","","","","","","","","","30","0","7.05","8.01"
"20200520","77","12","64","220","772","","","","","0","1","","","553","0","7.57","11.02"
"20200520","77","11","82","","","","","","","","","","","","","117.7","120.3"
"20200527","77","11","11","20013","3597","2773","4021","0","389","20308","29218","3415","5003","2512","6793","5902","5907"
"20200527","77","12","16","","","10885","2104","0","1","3638","4989","693","706","501","7917","5902","5907"
"20200527","77","11","12","741","32","2","2","","","132","695","6","108","162","206","60.3","59"
"20200527","77","11","13","9281","705","573","1049","0","242","6855","13488","3188","4621","1117","909","2891","2871"
"20200527","77","12","17","","","935","340","","","807","1362","102","189","344","297","2891","2871"
"20200527","77","12","19","","","955","935","","","1809","6731","2725","4852","7062","33","2897","2897"
"20200527","77","12","18","","","487","1481","","","36349","32809","7033","9767","233","45","5888","5888"
"20200527","77","11","14","554","453","","","","","121","220","19","13","1","9","6800","6877"
"20200527","77","11","31","1181","664","101","122","","","260","636","24","109","86","121","33790","36100"
"20200527","77","11","32","451","518","80","109","","","121","81","","","64","8","33500","36050"
"20200527","77","11","34","","","","","","","","","","","","","44900","47400"
"20200527","77","12","33","43315","8575","6098","5687","0","160268","3296","3940","411","1193","135625","9082","24780","25800"
"20200527","77","11","37","93","97","10","4","","","1","3","","","","","34000","34000"
"20200527","77","11","38","30","63","35","0","","","0","2","","","","","34300","34000"
"20200527","77","11","81","1971","5114","181","112","","","2253","4139","1303","1868","7174","1649","137.8","154"
"20200527","77","11","201","1225","147","14","15","","","375","1462","61","223","207","35","19100","22200"
"20200527","77","11","202","","","","","","","","","","","","","46000","46000"
"20200527","77","11","204","2","1","","","","","0","2","1","0","","","17200","14400"
"20200527","77","12","41","","","","","","","4","4","","","","","29000","31000"
"20200527","77","12","42","","","","","","","","","","","","","31000","31000"
"20200527","77","12","43","","","","","","","","","","","","","36000","45900"
"20200527","77","12","44","","","","","","","","","","","","","34000","34000"
"20200527","77","12","45","","","","","","","","","","","","","34000","34000"
"20200527","77","12","46","","","","","","","","","","","","","36000","46100"
"20200527","77","12","61","110","110","","","","","","","","","","","5.18","7.19"
"20200527","77","12","62","","","","","","","","","","","","","6.95","10.03"
"20200527","77","12","63","1230","1440","","","","","","","","","210","0","6.9","8.12"
"20200527","77","12","64","220","772","","","","","0","1","","","553","0","7.57","11.13"
"20200527","77","11","82","","","","","","","","","","","","","122","124"
"20200603","77","11","11","18145","3885","1765","3127","0","390","21279","28986","3477","4946","2183","5515","6008","6009"
"20200603","77","12","16","","","9881","2043","0","1","3976","4613","706","689","413","7630","6008","6009"
"20200603","77","11","12","737","42","2","2","","","184","748","6","108","208","237","60.6","62.5"
"20200603","77","11","13","9045","568","507","1020","0","241","6652","13046","3383","4748","1209","1173","2924","2897"
"20200603","77","12","17","","","983","352","","","862","1339","107","175","294","380","2924","2897"
"20200603","77","12","19","","","933","900","","","1862","6574","2701","5134","7112","0","2931","2931"
"20200603","77","12","18","","","302","1242","","","37106","33898","7368","9886","250","0","6021","6021"
"20200603","77","11","14","548","443","","","","","114","211","20","13","3","18","6800","6899"
"20200603","77","11","31","1230","690","108","136","","","277","595","24","100","59","177","35150","37350"
"20200603","77","11","32","500","518","63","137","","","121","74","","","51","6","35400","37750"
"20200603","77","11","34","","","","","","","","","","","","","46300","47600"
"20200603","77","12","33","43440","8097","6197","5976","0","161648","3356","3319","339","963","136109","9438","27240","27910"
"20200603","77","11","37","93","94","9","6","","","1","3","","","","","36000","34000"
"20200603","77","11","38","33","66","35","0","","","0","2","","","","","35500","34000"
"20200603","77","11","81","2259","4628","380","331","","","2247","4208","1214","1880","7115","2168","130.1","157"
"20200603","77","11","201","1210","186","10","13","","","393","1442","62","197","190","27","18200","22640"
"20200603","77","11","202","","","","","","","","","","","","","46000","46000"
"20200603","77","11","204","2","1","","","","","1","3","1","0","","","17200","14390"
"20200603","77","12","41","","","","","","","4","4","","","","","30000","31000"
"20200603","77","12","42","","","","","","","","","","","","","31000","31000"
"20200603","77","12","43","","","","","","","","","","","","","41800","47200"
"20200603","77","12","44","","","","","","","","","","","","","34000","34000"
"20200603","77","12","45","","","","","","","","","","","","","34000","34000"
"20200603","77","12","46","","","","","","","","","","","","","42000","47400"
"20200603","77","12","61","100","100","","","","","","","","","","","7.8","7.05"
"20200603","77","12","62","","","","","","","","","","","","","10.26","9.2"
"20200603","77","12","63","1110","1440","","","","","","","","","330","0","8.2","8.56"
"20200603","77","12","64","221","721","","","","","0","2","","","502","0","9.21","11.5"
"20200603","77","11","82","","","","","","","","","","","","","122","127.5"
"20200610","77","11","11","22054","3450","1979","3489","0","416","19934","31256","3451","5308","2637","6136","5931","5943"
"20200610","77","12","16","","","10680","1857","0","1","3649","5312","689","783","519","7584","5931","5943"
"20200610","77","11","12","727","32","","","","","187","797","6","108","182","165","61","62.9"
"20200610","77","11","13","9662","359","480","858","0","241","6546","12896","3349","4818","1345","2210","2903","2913"
"20200610","77","12","17","","","944","390","","","812","1336","106","178","344","302","2903","2913"
"20200610","77","12","19","","","1005","900","","","1851","6433","2647","5285","7115","0","2896","2896"
"20200610","77","12","18","","","1282","320","","","37550","36091","6694","10950","1835","0","5919","5919"
"20200610","77","11","14","546","431","","","","","106","208","18","16","4","19","6800","6720"
"20200610","77","11","31","1260","743","28","192","","","323","496","26","79","40","167","37950","39360"
"20200610","77","11","32","598","562","83","190","","","142","71","","","22","22","38400","39800"
"20200610","77","11","34","","","","","","","","","","","","","46000","47300"
"20200610","77","12","33","44407","8590","7875","7564","0","171450","3610","3960","314","1028","145425","9039","27250","28140"
"20200610","77","11","37","182","154","8","37","","","1","0","","","","","39400","38000"
"20200610","77","11","38","52","72","22","0","","","0","2","","","","","40990","38000"
"20200610","77","11","81","2661","3672","484","470","","","1829","4149","1242","1885","6265","2305","139.9","163"
"20200610","77","11","201","1244","189","8","11","","","387","1485","70","180","186","30","18200","22720"
"20200610","77","11","202","","","","","","","","","","","","","46000","46000"
"20200610","77","11","204","3","1","","","","","0","3","1","0","","","16800","13690"
"20200610","77","12","41","","","","","","","4","4","","","","","30000","31000"
"20200610","77","12","42","","","","","","","","","","","","","31000","31000"
"20200610","77","12","43","","","","","","","","","","","","","41800","46900"
"20200610","77","12","44","","","","","","","","","","","","","34000","34000"
"20200610","77","12","45","","","","","","","","","","","","","34000","34000"
"20200610","77","12","46","","","","","","","","","","","","","42000","47100"
"20200610","77","12","61","100","100","","","","","","","","","","","7.81","7.19"
"20200610","77","12","62","","","","","","","","","","","","","10.1","9.32"
"20200610","77","12","63","1110","1440","","","","","0","120","","","450","0","8.19","8.66"
"20200610","77","12","64","222","722","","","","","0","2","","","502","0","9.18","11.59"
"20200610","77","11","82","","","","","","","","","","","","","127","129"
"20200617","77","11","11","20781","3727","1757","3378","0","425","19922","29898","3434","5218","2908","6156","5944","5962"
"20200617","77","12","16","","","10610","1726","0","1","3749","5518","666","765","525","7540","5944","5962"
"20200617","77","11","12","845","38","","","","","157","841","8","107","157","181","60","60.4"
"20200617","77","11","13","9682","409","385","886","0","241","6504","12944","3308","5010","1343","1732","2842","2800"
"20200617","77","12","17","","","1175","280","","","781","1517","104","200","298","361","2842","2800"
"20200617","77","12","19","","","905","905","","","1882","6617","2845","5321","7211","0","2826","2826"
"20200617","77","12","18","","","1018","408","","","37199","35311","7059","10895","1389","51","5950","5950"
"20200617","77","11","14","544","439","","","","","105","202","18","17","7","16","6900","6715"
"20200617","77","11","31","1314","771","30","220","","","302","471","20","96","33","141","38500","38390"
"20200617","77","11","32","662","569","63","209","","","124","63","","","23","31","37000","39350"
"20200617","77","11","34","","","","","","","","","","","","","45300","46400"
"20200617","77","12","33","45038","9461","8756","8374","0","163464","3111","3572","264","939","146201","17560","26620","27440"
"20200617","77","11","37","303","235","5","74","","","1","0","","","","","38000","39400"
"20200617","77","11","38","392","265","7","132","","","0","2","","","","","37500","40000"
"20200617","77","11","81","2936","4073","389","316","","","2041","3899","1433","2053","5349","1807","139.4","157.2"
"20200617","77","11","201","1166","55","8","9","","","362","1518","92","175","162","33","20050","22660"
"20200617","77","11","202","","","","","","","","","","","","","46000","46000"
"20200617","77","11","204","4","2","","","","","0","2","","","","","16800","13690"
"20200617","77","12","41","","","","","","","4","4","","","","","30000","31000"
"20200617","77","12","42","","","","","","","","","","","","","31000","31000"
"20200617","77","12","43","","","","","","","","","","","","","41800","46400"
"20200617","77","12","44","","","","","","","","","","","","","34000","34000"
"20200617","77","12","45","","","","","","","","","","","","","34000","34000"
"20200617","77","12","46","","","","","","","","","","","","","42000","46500"
"20200617","77","12","61","100","100","","","","","","","","","","","7.74","7.05"
"20200617","77","12","62","","","","","","","","","","","","","9.73","9.06"
"20200617","77","12","63","1110","1440","","","","","0","120","","","450","0","8.15","8.47"
"20200617","77","12","64","352","811","0","40","","","0","3","","","502","0","9.05","11.35"
"20200617","77","11","82","","","","","","","","","","","","","127","129"
"20200624","77","11","11","20310","3917","1835","3430","0","437","21188","28971","3430","5027","2596","7577","6054","6065"
"20200624","77","12","16","","","9113","1647","0","1","4280","4834","699","653","574","7531","6054","6065"
"20200624","77","11","12","826","18","","","","","145","792","8","111","104","162","59","61.4"
"20200624","77","11","13","9926","352","330","739","0","241","6398","12891","3270","4985","1376","2092","2836","2836"
"20200624","77","12","17","","","1158","278","","","740","1530","106","211","337","322","2836","2836"
"20200624","77","12","19","","","911","900","","","1889","6899","3143","5333","7200","11","2828","2828"
"20200624","77","12","18","","","610","963","","","37214","33232","7078","10731","53","29","6055","6055"
"20200624","77","11","14","542","429","","","","","96","198","18","16","4","17","6900","6621"
"20200624","77","11","31","1453","878","18","251","","","317","457","19","87","24","158","40000","39330"
"20200624","77","11","32","579","505","37","163","","","139","41","","","14","60","38000","42000"
"20200624","77","11","34","","","","","","","","","","","","","45700","46800"
"20200624","77","12","33","44449","9134","8499","8063","0","159689","2881","3127","273","861","141280","16508","28030","28220"
"20200624","77","11","37","537","328","0","210","","","1","0","","","","","39990","40500"
"20200624","77","11","38","592","460","6","135","","","0","3","","","","","38900","43000"
"20200624","77","11","81","3014","3993","316","251","","","2030","4244","1571","2385","5474","1532","135.1","157.5"
"20200624","77","11","201","1172","55","7","8","","","381","1542","74","180","157","6","19500","22700"
"20200624","77","11","202","","","","","","","","","","","","","46000","46000"
"20200624","77","11","204","5","3","","","","","0","2","","","","","16800","13690"
"20200624","77","12","41","","","","","","","4","4","","","","","30000","31000"
"20200624","77","12","42","","","","","","","","","","","","","31000","31000"
"20200624","77","12","43","","","","","","","","","","","","","41800","46800"
"20200624","77","12","44","","","","","","","","","","","","","34000","34000"
"20200624","77","12","45","","","","","","","","","","","","","34000","34000"
"20200624","77","12","46","","","","","","","","","","","","","42000","46900"
"20200624","77","12","61","100","100","","","","","","","","","","","7.75","7.13"
"20200624","77","12","62","50","50","","","","","","","","","","","8.5","9.17"
"20200624","77","12","63","1110","2190","","","","","0","120","","","1200","0","7.54","8.56"
"20200624","77","12","64","359","859","40","40","","","0","3","","","503","0","8.18","11.46"
"20200624","77","11","82","","","","","","","","","","","","","127","129"
"20200701","77","11","11","17064","3123","2454","3956","0","462","21930","26962","3609","4965","3299","8888","6170","6182"
"20200701","77","12","16","","","8191","1861","0","1","4570","4071","757","545","491","7531","6170","6182"
"20200701","77","11","12","807","18","","","","","102","681","6","103","73","186","61.2","63"
"20200701","77","11","13","11309","192","344","660","0","241","5818","12790","3392","5064","1207","3123","2872","2875"
"20200701","77","12","17","","","971","276","","","704","1506","103","209","362","149","2872","2875"
"20200701","77","12","19","","","925","900","","","1851","6917","2895","5059","7206","1","2863","2863"
"20200701","77","12","18","","","674","2057","","","37206","31953","7380","10877","4","377","6163","6163"
"20200701","77","11","14","421","303","","","","","93","197","18","17","1","16","6807","6598"
"20200701","77","11","31","1340","797","43","247","","","306","463","19","90","30","141","39000","38770"
"20200701","77","11","32","519","465","25","141","","","141","48","","","18","49","40000","40990"
"20200701","77","11","34","","","","","","","","","","","","","45900","46900"
"20200701","77","12","33","42504","8684","7913","7494","0","152794","3018","3022","287","776","133987","14939","27550","27980"
"20200701","77","11","37","396","249","2","150","","","1","0","","","","","39200","39800"
"20200701","77","11","38","445","331","6","120","","","","","","","","","40800","42500"
"20200701","77","11","81","2915","3939","242","199","","","2185","5218","1681","2465","6785","1987","141.5","154.4"
"20200701","77","11","201","1105","62","7","8","","","366","1426","101","220","143","6","20200","23390"
"20200701","77","11","202","","","","","","","","","","","","","46000","46000"
"20200701","77","11","204","5","3","","","","","0","2","","","","","16100","13690"
"20200701","77","12","41","","","","","","","","","","","","","31000","31000"
"20200701","77","12","42","","","","","","","","","","","","","31000","31000"
"20200701","77","12","43","","","","","","","","","","","","","43900","46900"
"20200701","77","12","44","","","","","","","","","","","","","34000","34000"
"20200701","77","12","45","","","","","","","","","","","","","34000","34000"
"20200701","77","12","46","","","","","","","","","","","","","44100","47000"
"20200701","77","12","61","90","90","","","","","","","","","","","7.08","6.42"
"20200701","77","12","62","50","50","","","","","","","","","","","8.81","8.17"
"20200701","77","12","63","990","2371","","","","","1","120","","","1500","0","7.65","7.37"
"20200701","77","12","64","342","793","40","40","","","1","1","","","451","0","9.84","9.16"
"20200701","77","11","82","","","","","","","","","","","","","129","131"
"20200708","77","11","11","18429","3341","2163","3857","0","479","22964","27528","3558","5082","1799","8626","6193","6201"
"20200708","77","12","16","","","8224","1836","0","1","4421","4246","771","540","418","7211","6193","6201"
"20200708","77","11","12","804","18","","","","","125","706","6","103","73","181","62.8","63.3"
"20200708","77","11","13","12039","175","325","730","0","241","5834","12625","3254","4933","1050","3798","2900","2891"
"20200708","77","12","17","","","981","251","","","743","1534","117","203","306","159","2900","2891"
"20200708","77","12","19","","","931","900","","","1876","6943","2663","4837","7247","37","2898","2898"
"20200708","77","12","18","","","356","1206","","","37360","32779","7345","11336","260","0","6192","6192"
"20200708","77","11","14","420","303","","","","","96","200","18","17","1","15","6600","6580"
"20200708","77","11","31","1411","938","53","277","","","340","447","21","89","25","99","40000","40020"
"20200708","77","11","32","520","500","25","136","","","147","34","","","35","57","40800","42900"
"20200708","77","11","34","","","","","","","","","","","","","47000","48000"
"20200708","77","12","33","40588","8427","7244","7125","0","148307","3510","3319","301","739","130982","14708","28490","28800"
"20200708","77","11","37","535","373","2","165","","","1","0","","","","","41500","39800"
"20200708","77","11","38","508","394","6","120","","","","","","","","","42500","43000"
"20200708","77","11","81","2687","3939","311","253","","","2026","5418","1656","2436","6705","1339","143","157.2"
"20200708","77","11","201","1100","65","15","16","","","389","1497","131","215","160","2","20610","23440"
"20200708","77","11","202","","","","","","","","","","","","","46000","46000"
"20200708","77","11","204","5","3","","","","","0","2","","","","","16100","13690"
"20200708","77","12","41","","","","","","","","","","","","","39000","39000"
"20200708","77","12","42","","","","","","","","","","","","","40000","40000"
"20200708","77","12","43","","","","","","","","","","","","","42500","48000"
"20200708","77","12","44","","","","","","","","","","","","","40000","40000"
"20200708","77","12","45","","","","","","","","","","","","","41000","41000"
"20200708","77","12","46","","","","","","","","","","","","","42600","48100"
"20200708","77","12","61","90","90","","","","","","","","","","","7.13","6.51"
"20200708","77","12","62","50","50","","","","","","","","","","","8.83","8.26"
"20200708","77","12","63","990","2491","","","","","1","0","","","1500","0","7.6","7.46"
"20200708","77","12","64","342","793","40","40","","","1","1","","","451","0","9.75","9.17"
"20200708","77","11","82","","","","","","","","","","","","","129","131"
"20200715","77","11","11","21155","3316","1856","3438","0","517","22196","29463","3612","5454","2119","8750","6234","6232"
"20200715","77","12","16","","","9032","1549","0","1","4121","4898","763","642","477","7303","6234","6232"
"20200715","77","11","12","806","15","","","","","140","735","9","89","147","263","64.1","67"
"20200715","77","11","13","12462","207","309","803","0","241","5293","13047","3297","5141","1245","3167","2857","2821"
"20200715","77","12","17","","","1182","247","","","700","1625","127","237","291","191","2857","2821"
"20200715","77","12","19","","","909","907","","","1877","6600","2534","4982","7169","0","2863","2863"
"20200715","77","12","18","","","671","739","","","37133","34338","7670","11223","946","120","6221","6221"
"20200715","77","11","14","430","319","","","","","98","193","18","13","0","21","6600","6788"
"20200715","77","11","31","1481","983","50","286","","","212","360","24","70","22","90","40340","40230"
"20200715","77","11","32","538","473","70","135","","","56","26","","","23","53","41960","43810"
"20200715","77","11","34","","","","","","","","","","","","","47000","48000"
"20200715","77","12","33","39022","8838","7417","7787","0","143840","2913","2609","220","650","134583","20431","28810","28780"
"20200715","77","11","37","653","481","2","175","","","1","0","","","","","41200","39800"
"20200715","77","11","38","631","485","4","149","","","0","1","","","","","43000","44000"
"20200715","77","11","81","2313","3909","459","401","","","2427","5714","1535","2379","6997","1328","147","156.5"
"20200715","77","11","201","1132","65","15","16","","","386","1537","139","207","156","3","19600","22920"
"20200715","77","11","202","","","","","","","","","","","","","46000","46000"
"20200715","77","11","204","5","3","","","","","1","3","","","","","14700","13490"
"20200715","77","12","41","","","","","","","","","","","","","40000","40000"
"20200715","77","12","42","","","","","","","","","","","","","40000","40000"
"20200715","77","12","43","","","","","","","","","","","","","43000","48000"
"20200715","77","12","44","","","","","","","","","","","","","41000","41000"
"20200715","77","12","45","","","","","","","","","","","","","42000","42000"
"20200715","77","12","46","","","","","","","","","","","","","43000","48100"
"20200715","77","12","61","90","90","","","","","","","","","","","6.93","6.35"
"20200715","77","12","62","50","50","","","","","","","","","","","8.49","8.1"
"20200715","77","12","63","990","2493","","","","","3","0","","","1500","0","7.43","7.3"
"20200715","77","12","64","344","795","40","40","","","1","1","","","451","0","8.77","9"
"20200715","77","11","82","","","","","","","","","","","","","129","131"
"20200722","77","11","31","1255","832","104","290","","","199","277","24","63","13","133","39920","41320"
"20200722","77","11","32","484","389","48","130","","","55","21","","","17","64","42560","44700"
"20200722","77","11","34","","","","","","","","","","","","","47600","48600"
"20200722","77","12","33","36997","8694","5767","6671","0","139111","2285","1888","228","567","130459","18805","29240","29540"
"20200722","77","11","37","316","222","2","97","","","1","0","","","","","42710","39800"
"20200722","77","11","38","696","585","4","115","","","","","","","","","43890","45000"
"20200722","77","12","41","","","","","","","","","","","","","40310","40310"
"20200722","77","12","42","","","","","","","","","","","","","40230","40230"
"20200722","77","12","43","","","","","","","","","","","","","43270","48600"
"20200722","77","12","44","","","","","","","","","","","","","41150","41150"
"20200722","77","12","45","","","","","","","","","","","","","42470","42470"
"20200722","77","12","46","","","","","","","","","","","","","43150","48700"
"20200722","77","12","61","90","90","","","","","","","","","","","6.9","6.37"
"20200722","77","12","62","50","50","","","","","","","","","","","8.33","8.14"
"20200722","77","12","63","1170","2673","","","","","3","0","","","1500","0","7.4","7.32"
"20200722","77","12","64","345","796","40","40","","","1","1","","","451","0","7.96","9.05"
"20200729","77","11","31","1370","894","106","298","","","176","285","25","57","34","177","41190","41490"
"20200729","77","11","32","577","484","78","146","","","56","27","","","18","72","43140","44380"
"20200729","77","11","34","","","","","","","","","","","","","47100","48100"
"20200729","77","12","33","37032","8574","5024","6513","0","135665","2233","2031","198","600","127606","18710","28200","28910"
"20200729","77","11","37","351","266","6","92","","","1","0","","","","","42700","39800"
"20200729","77","11","38","816","710","5","111","","","","","","","","","45500","46000"
"20200729","77","12","41","","","","","","","","","","","","","40500","40500"
"20200729","77","12","42","","","","","","","","","","","","","40500","40500"
"20200729","77","12","43","","","","","","","","","","","","","43000","47900"
"20200729","77","12","44","","","","","","","","","","","","","41500","41500"
"20200729","77","12","45","","","","","","","","","","","","","42500","42500"
"20200729","77","12","46","","","","","","","","","","","","","43000","48000"
"20200729","77","12","61","90","90","0","0","","","","","","","","","6.68","6.41"
"20200729","77","12","62","50","50","0","0","","","","","","","","","7.96","7.99"
"20200729","77","12","63","1170","2551","0","0","","","1","120","","","1500","0","7.17","7.21"
"20200729","77","12","64","345","796","40","40","","","1","1","","","451","0","7.77","8.81"
"20200805","77","11","31","1534","891","154","358","","","203","342","23","57","24","290","41000","41500"
"20200805","77","11","32","750","511","63","151","","","66","17","","","14","214","42500","44510"
"20200805","77","11","34","","","","","","","","","","","","","47800","48800"
"20200805","77","12","33","30312","8251","4761","4136","0","133678","2480","1821","207","596","127555","16833","28970","29770"
"20200805","77","11","37","410","318","8","91","","","1","10","","","","","41500","43700"
"20200805","77","11","38","1194","1090","7","111","","","","","","","","","45000","46500"
"20200805","77","12","41","","","","","","","","","","","","","42500","42500"
"20200805","77","12","42","","","","","","","","","","","","","43000","43000"
"20200805","77","12","43","","","","","","","","","","","","","46500","48800"
"20200805","77","12","44","","","","","","","","","","","","","44000","44000"
"20200805","77","12","45","","","","","","","","","","","","","46000","46000"
"20200805","77","12","46","","","","","","","","","","","","","47000","48900"
"20200805","77","12","61","80","80","0","0","","","","","","","","","5.25","6.21"
"20200805","77","12","62","","","","","","","","","","","","","6.27","7.09"
"20200805","77","12","63","1074","2524","0","0","","","","","","","1450","0","6.08","7.06"
"20200805","77","12","64","285","684","50","50","","","0","1","","","400","0","6.19","8.13"
"20200812","77","11","31","1551","918","180","385","","","210","339","17","67","22","271","40300","41420"
"20200812","77","11","32","789","520","57","156","","","54","22","","","11","213","43370","44680"
"20200812","77","11","34","","","","","","","","","","","","","48200","49200"
"20200812","77","12","33","29536","8302","6926","6503","0","130165","2810","2268","213","473","125141","16915","29370","30370"
"20200812","77","11","37","431","329","8","101","","","1","10","","","","","42200","43700"
"20200812","77","11","38","1195","1091","7","111","","","","","","","","","44800","46500"
"20200812","77","12","41","","","","","","","","","","","","","42500","42500"
"20200812","77","12","42","","","","","","","","","","","","","43000","43000"
"20200812","77","12","43","","","","","","","","","","","","","46500","49200"
"20200812","77","12","44","","","","","","","","","","","","","44000","44000"
"20200812","77","12","45","","","","","","","","","","","","","46000","46000"
"20200812","77","12","46","","","","","","","","","","","","","47000","49300"
"20200812","77","12","61","80","80","0","0","","","","","","","","","5.27","6.24"
"20200812","77","12","62","","","","","","","","","","","","","6.29","7.1"
"20200812","77","12","63","1074","2524","0","0","","","","","","","1450","0","6.11","7.1"
"20200812","77","12","64","286","684","50","50","","","","","","","400","2","6.49","8.16"
"20200819","77","11","31","1520","1013","236","414","","","216","349","20","53","57","220","39530","40090"
"20200819","77","11","32","867","597","69","170","","","43","49","","","24","187","41700","43150"
"20200819","77","11","34","","","","","","","","","","","","","48500","49500"
"20200819","77","12","33","29500","8296","7804","7336","0","127790","2823","2166","193","387","124587","18932","29260","30450"
"20200819","77","11","37","1341","1238","8","112","","","1","0","","","","","41900","42200"
"20200819","77","11","38","1370","1224","5","151","","","","","","","","","44490","45500"
"20200819","77","12","41","","","","","","","","","","","","","43000","43000"
"20200819","77","12","42","","","","","","","","","","","","","43500","43500"
"20200819","77","12","43","","","","","","","","","","","","","47000","49500"
"20200819","77","12","44","","","","","","","","","","","","","44000","44000"
"20200819","77","12","45","","","","","","","","","","","","","46000","46000"
"20200819","77","12","46","","","","","","","","","","","","","47000","49600"
"20200819","77","12","61","80","80","0","0","","","","","","","","","5.27","6.28"
"20200819","77","12","62","","","","","","","","","","","","","6.28","7.15"
"20200819","77","12","63","1124","2574","0","0","","","","","","","1450","0","6.17","7.15"
"20200819","77","12","64","287","684","50","50","","","","","","","400","3","7.15","8.19"
"20200826","77","11","31","1162","730","357","390","","","225","319","18","52","13","284","41000","41890"
"20200826","77","11","32","795","549","64","171","","","45","66","0","1","38","155","42970","43100"
"20200826","77","11","34","","","","","","","","","","","","","49100","50100"
"20200826","77","12","33","29471","8203","6284","5743","0","126738","2312","1632","193","432","123734","19246","30270","30910"
"20200826","77","11","37","815","785","6","37","","","1","0","","","","","42000","41900"
"20200826","77","11","38","1171","1060","5","116","","","","","","","","","44500","45000"
"20200826","77","12","41","","","","","","","","","","","","","43000","43000"
"20200826","77","12","42","","","","","","","","","","","","","43000","43000"
"20200826","77","12","43","","","","","","","","","","","","","47000","49900"
"20200826","77","12","44","","","","","","","","","","","","","44000","44000"
"20200826","77","12","45","","","","","","","","","","","","","46000","46000"
"20200826","77","12","46","","","","","","","","","","","","","47000","50000"
"20200826","77","12","61","80","80","0","0","","","","","","","","","5.28","6.27"
"20200826","77","12","62","50","50","0","0","","","","","","","","","6.3","7.13"
"20200826","77","12","63","1124","2574","0","0","","","","","","","1450","0","6.14","7.14"
"20200826","77","12","64","338","734","50","50","","","","","","","400","4","7.4","8.18"
"20200902","77","11","31","1216","725","348","396","","","232","312","14","40","9","346","42300","42510"
"20200902","77","11","32","877","609","62","171","","","44","77","0","0","47","173","43430","44390"
"20200902","77","11","34","","","","","","","","","","","","","49200","50200"
"20200902","77","12","33","28506","4418","5447","5780","0","124943","2302","1556","150","413","119731","19026","30340","30870"
"20200902","77","11","37","1266","918","0","349","","","1","0","","","","","43600","42400"
"20200902","77","11","38","1184","1073","5","116","","","","","","","","","46400","45000"
"20200902","77","12","41","","","","","","","","","","","","","43000","43000"
"20200902","77","12","42","","","","","","","","","","","","","43000","43000"
"20200902","77","12","43","","","","","","","","","","","","","47000","49700"
"20200902","77","12","44","","","","","","","","","","","","","44000","44000"
"20200902","77","12","45","","","","","","","","","","","","","46000","46000"
"20200902","77","12","46","","","","","","","","","","","","","47000","49800"
"20200902","77","12","61","75","71","0","0","","","0","4","","","","","5.96","6.6"
"20200902","77","12","62","50","50","0","0","","","","","","","","","6.97","7.61"
"20200902","77","12","63","1022","2422","0","0","","","","","","","1400","0","6.3","7.46"
"20200902","77","12","64","259","605","30","30","","","","","","","351","5","7","8.5"
"20200909","77","11","31","1231","742","208","416","","","151","341","31","51","105","176","37700","37430"
"20200909","77","11","32","928","762","52","155","","","42","80","0","0","112","137","40000","39350"
"20200909","77","11","34","","","","","","","","","","","","","45600","46600"
"20200909","77","12","33","29175","5044","6342","6168","0","117572","2618","2147","110","521","113433","20226","26040","27030"
"20200909","77","11","37","1284","965","0","320","","","1","0","","","","","41000","41000"
"20200909","77","11","38","1312","1194","1","118","","","0","1","","","","","41500","43600"
"20200909","77","12","41","","","","","","","","","","","","","43000","43000"
"20200909","77","12","42","","","","","","","","","","","","","43000","43000"
"20200909","77","12","43","","","","","","","","","","","","","47000","49700"
"20200909","77","12","44","","","","","","","","","","","","","44000","44000"
"20200909","77","12","45","","","","","","","","","","","","","46000","46000"
"20200909","77","12","46","","","","","","","","","","","","","47000","49800"
"20200909","77","12","61","75","71","0","0","","","0","4","","","","","5.78","6.28"
"20200909","77","12","62","300","301","0","0","","","1","0","","","","","6.8","7.32"
"20200909","77","12","63","1022","2422","0","0","","","","","","","1400","0","6.25","7.27"
"20200909","77","12","64","459","805","30","30","","","","","","","351","5","6.9","8.23"
"20200916","77","11","31","1124","784","108","403","","","136","308","26","48","200","51","38000","39100"
"20200916","77","11","32","917","772","64","197","","","49","71","","","114","104","41760","41840"
"20200916","77","11","34","","","","","","","","","","","","","46600","47600"
"20200916","77","12","33","30354","4993","7497","6669","0","125159","2453","2039","86","510","127449","28469","27130","28180"
"20200916","77","11","37","1287","968","0","320","","","1","0","","","","","40990","41000"
"20200916","77","11","38","1342","1224","1","118","","","0","1","","","","","42500","42500"
"20200916","77","12","41","","","","","","","","","","","","","43000","43000"
"20200916","77","12","42","","","","","","","","","","","","","43000","43000"
"20200916","77","12","43","","","","","","","","","","","","","47000","49700"
"20200916","77","12","44","","","","","","","","","","","","","44000","44000"
"20200916","77","12","45","","","","","","","","","","","","","46000","46000"
"20200916","77","12","46","","","","","","","","","","","","","47000","49800"
"20200916","77","12","61","75","71","0","0","","","0","4","","","","","5.76","6.21"
"20200916","77","12","62","300","302","0","0","","","2","0","","","","","6.46","7.27"
"20200916","77","12","63","1172","2422","0","0","","","","","","","1280","30","6.25","7.21"
"20200916","77","12","64","459","805","30","30","","","","","","","351","5","6.74","8.16"
"20200923","77","11","31","1126","784","98","402","","","143","293","25","46","237","104","38740","39000"
"20200923","77","11","32","967","825","71","216","","","79","65","","","114","125","41880","41800"
"20200923","77","11","34","","","","","","","","","","","","","46400","47400"
"20200923","77","12","33","31231","5649","5996","5460","0","120952","1978","1659","95","472","119890","24998","27250","27820"
"20200923","77","11","37","1353","990","0","364","","","1","0","","","","","40710","42000"
"20200923","77","11","38","1416","1257","0","128","","","0","31","","","","","42500","43500"
"20200923","77","12","41","","","","","","","","","","","","","43000","43000"
"20200923","77","12","42","","","","","","","","","","","","","43000","43000"
"20200923","77","12","43","","","","","","","","","","","","","47000","49700"
"20200923","77","12","44","","","","","","","","","","","","","44000","44000"
"20200923","77","12","45","","","","","","","","","","","","","46000","46000"
"20200923","77","12","46","","","","","","","","","","","","","47000","49800"
"20200923","77","12","61","75","71","0","0","","","0","4","","","","","5.77","6.2"
"20200923","77","12","62","301","302","0","0","","","2","1","","","","","6.7","7.26"
"20200923","77","12","63","1172","2422","0","0","","","","","","","1280","30","6.09","7.19"
"20200923","77","12","64","459","806","30","30","","","1","0","","","351","5","6.05","8.13"
"20200930","77","11","31","942","589","118","452","","","143","312","25","49","247","73","38480","39630"
"20200930","77","11","32","908","863","131","230","","","97","52","","","133","124","41900","41900"
"20200930","77","11","34","","","","","","","","","","","","","46500","47500"
"20200930","77","12","33","31925","6024","5435","5014","0","120170","1869","1665","93","489","116087","22047","26890","27480"
"20200930","77","11","37","977","710","0","268","","","1","0","","","","","40700","42000"
"20200930","77","11","38","1336","1165","0","131","","","0","40","","","","","43000","43500"
"20200930","77","12","41","","","","","","","","","","","","","43000","43000"
"20200930","77","12","42","","","","","","","","","","","","","43000","43000"
"20200930","77","12","43","","","","","","","","","","","","","47000","49700"
"20200930","77","12","44","","","","","","","","","","","","","44000","44000"
"20200930","77","12","45","","","","","","","","","","","","","46000","46000"
"20200930","77","12","46","","","","","","","","","","","","","47000","49800"
"20200930","77","12","61","60","60","0","0","","","","","","","","","5.84","7.16"
"20200930","77","12","62","1","0","0","0","","","0","1","","","","","7.08","8.68"
"20200930","77","12","63","1050","2220","0","0","","","","","","","1200","30","5.6","7.62"
"20200930","77","12","64","122","424","30","30","","","1","0","","","301","0","6.5","8.82"
"20201007","77","11","31","985","605","93","365","","","151","271","26","50","201","165","39500","40760"
"20201007","77","11","32","987","922","133","204","","","92","43","","","120","163","42600","42960"
"20201007","77","11","34","","","","","","","","","","","","","47400","48400"
"20201007","77","12","33","28291","5943","5322","4533","0","127477","2557","2156","89","447","122902","18605","27740","28560"
"20201007","77","11","37","1002","724","0","279","","","1","0","","","","","41000","41800"
"20201007","77","11","38","1510","1309","0","156","","","0","45","","","","","43000","43500"
"20201007","77","12","41","","","","","","","","","","","","","43000","43000"
"20201007","77","12","42","","","","","","","","","","","","","43000","43000"
"20201007","77","12","43","","","","","","","","","","","","","49100","49700"
"20201007","77","12","44","","","","","","","","","","","","","44000","44000"
"20201007","77","12","45","","","","","","","","","","","","","46000","46000"
"20201007","77","12","46","","","","","","","","","","","","","49200","49800"
"20201007","77","12","61","60","60","0","0","","","","","","","","","5.87","7.15"
"20201007","77","12","62","1","0","0","0","","","0","1","","","","","6.29","8.51"
"20201007","77","12","63","1050","2100","0","0","","","0","120","","","1200","30","5.59","7.47"
"20201007","77","12","64","122","424","0","0","","","1","0","","","301","0","6.36","8.64"
"20201014","77","11","31","1032","596","94","421","","","141","252","28","47","215","194","39040","40650"
"20201014","77","11","32","1118","990","169","242","","","89","40","","","90","194","42310","43030"
"20201014","77","11","34","","","","","","","","","","","","","46800","47800"
"20201014","77","12","33","28196","6075","9944","10212","0","120727","2890","2415","114","398","123495","24812","27700","28350"
"20201014","77","11","37","1058","743","0","316","","","1","0","","","","","41000","41800"
"20201014","77","11","38","1705","1466","0","194","","","0","45","","","","","43500","43500"
"20201014","77","12","41","","","","","","","","","","","","","43000","43000"
"20201014","77","12","42","","","","","","","","","","","","","43000","43000"
"20201014","77","12","43","","","","","","","","","","","","","49100","49700"
"20201014","77","12","44","","","","","","","","","","","","","44000","44000"
"20201014","77","12","45","","","","","","","","","","","","","46000","46000"
"20201014","77","12","46","","","","","","","","","","","","","49200","49800"
"20201014","77","12","61","60","60","0","0","","","","","","","","","5.9","7.14"
"20201014","77","12","62","1","0","0","0","","","0","1","","","","","6.3","8.52"
"20201014","77","12","63","1161","2230","0","0","","","","","","","1129","60","5.68","7.47"
"20201014","77","12","64","123","424","0","0","","","1","0","","","301","1","6.38","8.63"
"20201021","77","11","31","1064","590","114","422","","","139","227","26","37","206","273","40200","41030"
"20201021","77","11","32","1211","1035","201","283","","","98","47","","","54","199","42630","43570"
"20201021","77","11","34","","","","","","","","","","","","","47100","48100"
"20201021","77","12","33","28301","6281","8874","9135","0","119371","2629","2084","116","394","120729","23384","27970","28620"
"20201021","77","11","37","1251","950","0","291","","","0","10","","","","","41900","42100"
"20201021","77","11","38","1925","1682","0","198","","","0","45","","","","","44600","43500"
"20201021","77","12","41","","","","","","","","","","","","","43000","43000"
"20201021","77","12","42","","","","","","","","","","","","","43000","43000"
"20201021","77","12","43","","","","","","","","","","","","","49100","49700"
"20201021","77","12","44","","","","","","","","","","","","","44000","44000"
"20201021","77","12","45","","","","","","","","","","","","","46000","46000"
"20201021","77","12","46","","","","","","","","","","","","","49200","49800"
"20201021","77","12","61","60","60","0","0","","","","","","","","","5.91","7.18"
"20201021","77","12","62","1","0","0","0","","","0","1","","","","","6.32","8.56"
"20201021","77","12","63","1331","2400","0","0","","","","","","","1129","60","5.75","7.51"
"20201021","77","12","64","192","493","0","0","","","1","0","","","301","1","6.3","8.68"
"20201028","77","11","31","926","466","103","646","","","146","254","19","39","302","91","38380","39670"
"20201028","77","11","32","1069","931","207","330","","","91","49","","","74","131","41600","42210"
"20201028","77","11","34","","","","","","","","","","","","","45800","46800"
"20201028","77","12","33","27789","6188","10070","9980","0","116088","2111","2126","61","483","116586","21752","26340","27020"
"20201028","77","11","37","752","514","0","228","","","0","10","","","","","40800","42100"
"20201028","77","11","38","1495","1280","1","176","","","0","40","","","","","43300","43500"
"20201028","77","12","41","","","","","","","","","","","","","43000","43000"
"20201028","77","12","42","","","","","","","","","","","","","43000","43000"
"20201028","77","12","43","","","","","","","","","","","","","49100","49700"
"20201028","77","12","44","","","","","","","","","","","","","44000","44000"
"20201028","77","12","45","","","","","","","","","","","","","46000","46000"
"20201028","77","12","46","","","","","","","","","","","","","49200","49800"
"20201028","77","12","61","150","150","0","0","","","","","","","","","5.89","7.04"
"20201028","77","12","62","31","30","0","0","","","0","1","","","","","6.27","8.4"
"20201028","77","12","63","1451","2550","0","0","","","","","","","1279","180","5.73","7.37"
"20201028","77","12","64","222","523","0","0","","","1","0","","","301","1","6.29","8.53"
"20201104","77","11","31","980","492","118","710","","","168","275","15","40","286","50","38330","40390"
"20201104","77","11","32","1211","970","222","446","","","64","65","","","82","98","41600","42620"
"20201104","77","11","34","","","","","","","","","","","","","46800","47800"
"20201104","77","12","33","26479","4152","10636","9583","0","122223","2976","2771","87","469","113739","14719","26850","27550"
"20201104","77","11","37","792","547","0","231","","","0","14","","","","","40700","40400"
"20201104","77","11","38","2101","1731","2","342","","","0","30","","","","","42700","43500"
"20201104","77","12","41","","","","","","","","","","","","","43000","43000"
"20201104","77","12","42","","","","","","","","","","","","","43000","43000"
"20201104","77","12","43","","","","","","","","","","","","","49300","49700"
"20201104","77","12","44","","","","","","","","","","","","","44000","44000"
"20201104","77","12","45","","","","","","","","","","","","","46000","46000"
"20201104","77","12","46","","","","","","","","","","","","","49400","49800"
"20201104","77","12","61","140","140","0","0","","","","","","","","","6.75","7.27"
"20201104","77","12","62","30","30","0","0","","","","","","","","","7.36","8.96"
"20201104","77","12","63","1351","2180","0","0","","","","","","","1009","180","7.01","7.77"
"20201104","77","12","64","230","449","0","0","","","0","30","","","250","1","7.88","9.17"
"20201111","77","11","31","1065","529","122","777","","","173","228","17","32","285","96","40090","41990"
"20201111","77","11","32","1300","997","227","495","","","59","80","1","0","58","73","43010","44430"
"20201111","77","11","34","","","","","","","","","","","","","48000","49000"
"20201111","77","12","33","26165","4353","10001","9605","0","118936","2619","2544","147","325","111571","14740","28840","29280"
"20201111","77","11","37","813","557","0","241","","","0","15","","","","","42300","40400"
"20201111","77","11","38","2483","2092","2","337","","","0","56","","","","","44500","43500"
"20201111","77","12","41","","","","","","","","","","","","","43000","43000"
"20201111","77","12","42","","","","","","","","","","","","","43000","43000"
"20201111","77","12","43","","","","","","","","","","","","","49300","49700"
"20201111","77","12","44","","","","","","","","","","","","","44000","44000"
"20201111","77","12","45","","","","","","","","","","","","","46000","46000"
"20201111","77","12","46","","","","","","","","","","","","","49400","49800"
"20201111","77","12","61","290","140","0","0","","","","","","","0","150","6.82","7.46"
"20201111","77","12","62","30","30","0","0","","","","","","","","","7.43","9.13"
"20201111","77","12","63","1346","2175","0","0","","","","","","","999","170","7.09","7.97"
"20201111","77","12","64","230","449","0","0","","","0","30","","","250","1","7.96","9.39"
"20201118","77","11","31","1093","586","113","751","","","172","220","25","30","282","98","40290","41010"
"20201118","77","11","32","1351","1063","211","451","","","68","70","1","0","48","95","42410","43540"
"20201118","77","11","34","","","","","","","","","","","","","46800","47800"
"20201118","77","12","33","26260","3848","12016","11369","0","111864","2108","1977","148","313","105348","16509","28250","28480"
"20201118","77","11","37","846","590","0","241","","","0","15","","","","","42500","40400"
"20201118","77","11","38","2724","2309","2","361","","","0","56","","","","","44500","43500"
"20201118","77","12","41","","","","","","","","","","","","","43000","43000"
"20201118","77","12","42","","","","","","","","","","","","","43000","43000"
"20201118","77","12","43","","","","","","","","","","","","","49300","49700"
"20201118","77","12","44","","","","","","","","","","","","","44000","44000"
"20201118","77","12","45","","","","","","","","","","","","","46000","46000"
"20201118","77","12","46","","","","","","","","","","","","","49400","49800"
"20201118","77","12","61","305","155","0","0","","","","","","","0","150","6.83","7.48"
"20201118","77","12","62","30","30","0","0","","","","","","","","","7.44","9.16"
"20201118","77","12","63","1351","2180","0","0","","","","","","","999","170","6.77","7.99"
"20201118","77","12","64","230","459","0","0","","","0","30","","","260","1","7.9","9.41"
"20201125","77","11","31","891","430","117","647","","","163","171","25","29","268","187","40990","43310"
"20201125","77","11","32","1079","761","134","369","","","77","73","","","31","118","45500","46010"
"20201125","77","11","34","","","","","","","","","","","","","48600","49400"
"20201125","77","12","33","26310","3908","11505","10831","0","110309","1990","1722","188","201","104198","17220","31140","30930"
"20201125","77","11","37","533","343","0","175","","","0","15","","","","","44040","40400"
"20201125","77","11","38","1632","1348","1","227","","","0","58","","","","","45870","43500"
"20201125","77","12","41","","","","","","","","","","","","","43000","43000"
"20201125","77","12","42","","","","","","","","","","","","","43000","43000"
"20201125","77","12","43","","","","","","","","","","","","","49300","49700"
"20201125","77","12","44","","","","","","","","","","","","","44000","44000"
"20201125","77","12","45","","","","","","","","","","","","","46000","46000"
"20201125","77","12","46","","","","","","","","","","","","","49400","49800"
"20201125","77","12","61","305","155","0","0","","","","","","","0","150","6.78","7.6"
"20201125","77","12","62","35","35","0","0","","","","","","","","","7.4","9.26"
"20201125","77","12","63","1351","2190","0","0","","","","","","","1004","165","6.79","8.11"
"20201125","77","12","64","230","459","0","0","","","0","30","","","260","1","7.69","9.54"
"20201202","77","11","31","939","471","160","664","","","153","211","21","19","263","171","41920","42260"
"20201202","77","11","32","1261","885","111","337","","","69","37","","","10","192","45020","45570"
"20201202","77","11","34","","","","","","","","","","","","","48500","48300"
"20201202","77","12","33","26068","4674","8551","7917","0","103608","1760","1554","172","212","94206","12792","30380","30310"
"20201202","77","11","37","533","343","0","175","","","0","15","","","","","44000","44800"
"20201202","77","11","38","1652","1368","1","227","","","0","58","","","","","46500","45000"
"20201202","77","12","41","","","","","","","","","","","","","43000","43000"
"20201202","77","12","42","","","","","","","","","","","","","43000","43000"
"20201202","77","12","43","","","","","","","","","","","","","49500","49700"
"20201202","77","12","44","","","","","","","","","","","","","44000","44000"
"20201202","77","12","45","","","","","","","","","","","","","46000","46000"
"20201202","77","12","46","","","","","","","","","","","","","49600","49800"
"20201202","77","12","61","295","145","0","0","","","","","","","0","150","6.59","7.09"
"20201202","77","12","62","100","50","0","0","","","","","","","0","50","7.8","8.28"
"20201202","77","12","63","1126","1741","0","0","","","","","","","845","230","6.69","7.77"
"20201202","77","12","64","140","370","0","0","","","0","30","","","260","0","8.05","9.01"
"20201209","77","11","31","986","556","115","596","","","145","176","21","17","227","149","42650","43260"
"20201209","77","11","32","1344","931","36","279","","","63","35","","","10","208","46000","46480"
"20201209","77","11","34","","","","","","","","","","","","","49300","49000"
"20201209","77","12","33","26622","4927","10420","9833","0","103434","2360","2149","183","209","93977","13010","31290","31200"
"20201209","77","11","37","533","343","0","175","","","0","15","","","","","45000","44800"
"20201209","77","11","38","1653","1367","1","228","","","0","59","","","","","47500","45000"
"20201209","77","12","41","","","","","","","","","","","","","43000","43000"
"20201209","77","12","42","","","","","","","","","","","","","43000","43000"
"20201209","77","12","43","","","","","","","","","","","","","49500","49700"
"20201209","77","12","44","","","","","","","","","","","","","44000","44000"
"20201209","77","12","45","","","","","","","","","","","","","46000","46000"
"20201209","77","12","46","","","","","","","","","","","","","49600","49800"
"20201209","77","12","61","295","145","0","0","","","","","","","0","150","6.92","7.21"
"20201209","77","12","62","110","60","0","0","","","","","","","0","50","7.84","8.39"
"20201209","77","12","63","1236","1836","0","0","","","","","","","800","200","7.13","7.97"
"20201209","77","12","64","150","380","0","0","","","0","30","","","260","0","8.09","9.18"
"20201216","77","11","31","1067","574","197","545","","","154","141","16","15","104","263","43580","44360"
"20201216","77","11","32","1462","964","36","337","","","62","40","","","8","227","46700","47300"
"20201216","77","11","34","","","","","","","","","","","","","50300","50000"
"20201216","77","12","33","26945","5275","11654","11579","0","102424","2766","2594","190","241","106480","25922","32480","32080"
"20201216","77","11","37","535","345","0","175","","","0","15","","","","","46800","44800"
"20201216","77","11","38","1833","1506","1","297","","","0","31","","","","","48000","46100"
"20201216","77","12","41","","","","","","","","","","","","","43000","43000"
"20201216","77","12","42","","","","","","","","","","","","","43000","43000"
"20201216","77","12","43","","","","","","","","","","","","","49500","49700"
"20201216","77","12","44","","","","","","","","","","","","","44000","44000"
"20201216","77","12","45","","","","","","","","","","","","","46000","46000"
"20201216","77","12","46","","","","","","","","","","","","","49600","49800"
"20201216","77","12","61","405","145","0","0","","","0","10","","","0","250","7","7.33"
"20201216","77","12","62","110","77","0","0","","","17","0","","","0","50","7.92","8.44"
"20201216","77","12","63","1451","1918","0","9","","","5","0","","","755","284","7.5","8.1"
"20201216","77","12","64","255","380","0","0","","","0","35","","","160","0","8.71","9.27"
"20201223","77","11","31","1138","582","155","483","","","139","134","20","25","22","250","42680","43320"
"20201223","77","11","32","1556","1009","22","399","","","51","27","","","3","197","45900","46570"
"20201223","77","11","34","","","","","","","","","","","","","50500","50300"
"20201223","77","12","33","27587","5328","9581","9860","0","93353","1915","1893","258","184","96211","24934","31650","31420"
"20201223","77","11","37","629","439","0","175","","","0","15","","","","","46000","44800"
"20201223","77","11","38","1989","1660","21","320","","","0","30","","","","","48390","46100"
"20201223","77","12","41","","","","","","","","","","","","","43000","43000"
"20201223","77","12","42","","","","","","","","","","","","","43000","43000"
"20201223","77","12","43","","","","","","","","","","","","","49500","49700"
"20201223","77","12","44","","","","","","","","","","","","","44000","44000"
"20201223","77","12","45","","","","","","","","","","","","","46000","46000"
"20201223","77","12","46","","","","","","","","","","","","","49600","49800"
"20201223","77","12","61","415","155","0","0","","","0","6","","","0","254","8.5","7.34"
"20201223","77","12","62","155","92","0","0","","","32","30","","","0","65","9.1","8.43"
"20201223","77","12","63","1931","2088","0","7","","","2","1","","","751","588","8.95","8.1"
"20201223","77","12","64","255","378","0","0","","","0","35","","","158","0","10.31","9.27"
"20201230","77","11","31","988","423","158","493","","","144","139","20","20","7","242","44710","44450"
"20201230","77","11","32","1242","682","21","416","","","63","31","0","1","7","203","47890","47620"
"20201230","77","11","34","","","","","","","","","","","","","50900","51100"
"20201230","77","12","33","28366","5296","8823","9037","0","91413","1633","1544","227","221","92845","24383","32850","32620"
"20201230","77","11","37","307","177","0","115","","","0","15","","","","","45900","44800"
"20201230","77","11","38","835","690","1","117","","","0","29","","","","","49500","47100"
"20201230","77","12","41","","","","","","","","","","","","","43000","43000"
"20201230","77","12","42","","","","","","","","","","","","","43000","43000"
"20201230","77","12","43","","","","","","","","","","","","","49500","49700"
"20201230","77","12","44","","","","","","","","","","","","","44000","44000"
"20201230","77","12","45","","","","","","","","","","","","","46000","46000"
"20201230","77","12","46","","","","","","","","","","","","","49600","49800"
"20201230","77","12","61","412","154","0","0","","","0","6","","","0","252","13.67","7.36"
"20201230","77","12","62","65","35","0","0","","","15","30","","","0","15","13.2","6.99"
"20201230","77","12","63","1926","2088","0","4","","","0","4","","","751","581","14.39","8.12"
"20201230","77","12","64","200","237","0","0","","","0","21","","","58","0","14.5","8.11"
"20210106","77","11","31","1031","434","104","533","","","133","117","21","22","1","184","45160","45430"
"20210106","77","11","32","1284","673","43","540","","","64","37","0","1","3","143","49000","48540"
"20210106","77","11","34","","","","","","","","","","","","","52000","51700"
"20210106","77","12","33","27471","5023","8622","7393","0","90301","1824","1344","231","205","88032","21914","34280","33480"
"20210106","77","11","37","307","177","0","115","","","0","15","","","","","47000","46700"
"20210106","77","11","38","835","689","1","117","","","0","30","","","","","49800","48100"
"20210106","77","12","41","","","","","","","","","","","","","43000","43000"
"20210106","77","12","42","","","","","","","","","","","","","43000","43000"
"20210106","77","12","43","","","","","","","","","","","","","49700","49700"
"20210106","77","12","44","","","","","","","","","","","","","44000","44000"
"20210106","77","12","45","","","","","","","","","","","","","46000","46000"
"20210106","77","12","46","","","","","","","","","","","","","49800","49800"
"20210106","77","12","61","301","112","0","0","","","0","2","","","0","187","14.15","6.66"
"20210106","77","12","62","65","35","0","0","","","15","30","","","0","15","16","7.1"
"20210106","77","12","63","1460","1580","0","0","","","0","5","","","600","475","17.5","7.59"
"20210106","77","12","64","200","236","0","0","","","0","21","","","57","0","19.29","8.06"
"20210113","77","11","31","1017","457","126","597","","","162","121","19","22","2","129","47720","47880"
"20210113","77","11","32","1287","673","168","612","","","55","39","0","1","2","187","52100","50540"
"20210113","77","11","34","","","","","","","","","","","","","54200","53400"
"20210113","77","12","33","26752","4925","10819","9548","0","93780","2301","1887","205","203","92107","21841","36860","36100"
"20210113","77","11","37","349","191","3","156","","","0","5","","","","","49900","46700"
"20210113","77","11","38","903","718","6","164","","","0","27","","","","","53500","48100"
"20210113","77","12","41","","","","","","","","","","","","","43000","43000"
"20210113","77","12","42","","","","","","","","","","","","","43000","43000"
"20210113","77","12","43","","","","","","","","","","","","","49700","49700"
"20210113","77","12","44","","","","","","","","","","","","","44000","44000"
"20210113","77","12","45","","","","","","","","","","","","","46000","46000"
"20210113","77","12","46","","","","","","","","","","","","","49800","49800"
"20210113","77","12","61","301","112","0","0","","","0","2","","","0","187","20.7","6.88"
"20210113","77","12","62","65","35","0","0","","","15","30","","","0","15","23.41","7.4"
"20210113","77","12","63","1460","1630","0","0","","","0","5","","","600","425","25.6","7.6"
"20210113","77","12","64","200","236","0","0","","","0","21","","","57","0","28.22","8.11"
"20210120","77","11","31","1047","508","133","602","","","177","121","17","24","4","123","47180","47300"
"20210120","77","11","32","1385","718","135","646","","","43","41","1","1","10","168","50800","49800"
"20210120","77","11","34","","","","","","","","","","","","","53500","53000"
"20210120","77","12","33","27477","6472","11443","10167","0","91864","2316","2003","222","340","92782","23394","36320","35610"
"20210120","77","11","37","386","228","3","156","","","0","5","","","","","50000","46700"
"20210120","77","11","38","961","791","20","165","","","0","25","","","","","52490","49300"
"20210120","77","12","41","","","","","","","","","","","","","43000","43000"
"20210120","77","12","42","","","","","","","","","","","","","43000","43000"
"20210120","77","12","43","","","","","","","","","","","","","49700","49700"
"20210120","77","12","44","","","","","","","","","","","","","44000","44000"
"20210120","77","12","45","","","","","","","","","","","","","46000","46000"
"20210120","77","12","46","","","","","","","","","","","","","49800","49800"
"20210120","77","12","61","301","112","0","0","","","0","2","","","0","187","33.31","6.89"
"20210120","77","12","62","65","35","0","0","","","15","30","","","0","15","37.68","7.43"
"20210120","77","12","63","1460","1630","0","0","","","0","5","","","600","425","41.2","7.6"
"20210120","77","12","64","200","236","0","0","","","0","21","","","57","0","45.43","8.13"
"20210127","77","11","31","922","458","198","573","","","168","108","19","20","2","150","46900","46820"
"20210127","77","11","32","1050","393","143","635","","","32","26","1","1","10","181","50030","49250"
"20210127","77","11","34","","","","","","","","","","","","","53300","52500"
"20210127","77","12","33","27375","6204","9120","8039","0","90866","1913","1638","217","328","91845","23395","36150","35250"
"20210127","77","11","37","86","23","3","61","","","0","5","","","","","49650","47800"
"20210127","77","11","38","87","90","6","1","","","0","2","","","","","51000","50000"
"20210127","77","12","41","","","","","","","","","","","","","43000","43000"
"20210127","77","12","42","","","","","","","","","","","","","43000","43000"
"20210127","77","12","43","","","","","","","","","","","","","49700","49700"
"20210127","77","12","44","","","","","","","","","","","","","44000","44000"
"20210127","77","12","45","","","","","","","","","","","","","46000","46000"
"20210127","77","12","46","","","","","","","","","","","","","49800","49800"
"20210127","77","12","61","305","115","0","0","","","0","3","","","0","187","26.25","6.87"
"20210127","77","12","62","65","35","0","0","","","15","30","","","0","15","29.64","7.42"
"20210127","77","12","63","1463","1633","0","0","","","0","5","","","600","425","30.62","7.57"
"20210127","77","12","64","300","237","0","0","","","1","21","","","7","50","33.91","8.12"
"20210203","77","11","31","972","551","247","564","","","172","89","17","13","0","191","49000","48490"
"20210203","77","11","32","1048","452","164","604","","","42","24","0","1","2","175","51700","50350"
"20210203","77","11","34","","","","","","","","","","","","","55000","53700"
"20210203","77","12","33","26742","4665","7149","7017","0","90462","1891","1712","200","179","88918","20865","37560","36410"
"20210203","77","11","37","86","23","3","61","","","0","5","","","","","50600","47800"
"20210203","77","11","38","87","90","6","3","","","","","","","","","52700","50000"
"20210203","77","12","41","","","","","","","","","","","","","43000","43000"
"20210203","77","12","42","","","","","","","","","","","","","43000","43000"
"20210203","77","12","43","","","","","","","","","","","","","49700","49700"
"20210203","77","12","44","","","","","","","","","","","","","44000","44000"
"20210203","77","12","45","","","","","","","","","","","","","46000","46000"
"20210203","77","12","46","","","","","","","","","","","","","49800","49800"
"20210203","77","12","61","159","66","0","0","","","","","","","0","93","7.25","6.35"
"20210203","77","12","62","35","10","0","0","","","10","20","","","0","15","7.8","6.88"
"20210203","77","12","63","898","1039","0","0","","","0","144","","","558","273","8.1","7.7"
"20210203","77","12","64","253","154","0","0","","","1","10","","","10","100","8.95","8.3"
"20210210","77","11","31","1079","580","233","539","","","205","147","15","13","4","257","50800","49860"
"20210210","77","11","32","1127","516","253","586","","","61","42","0","1","4","300","53290","51880"
"20210210","77","11","34","","","","","","","","","","","","","56700","55300"
"20210210","77","12","33","26432","4902","11040","11834","0","90721","2262","2150","231","179","90260","20439","39420","38210"
"20210210","77","11","37","123","60","3","61","","","0","5","","","","","52500","49800"
"20210210","77","11","38","200","181","5","24","","","","","","","","","54500","52000"
"20210210","77","12","41","","","","","","","","","","","","","43000","43000"
"20210210","77","12","42","","","","","","","","","","","","","43000","43000"
"20210210","77","12","43","","","","","","","","","","","","","49700","49700"
"20210210","77","12","44","","","","","","","","","","","","","44000","44000"
"20210210","77","12","45","","","","","","","","","","","","","46000","46000"
"20210210","77","12","46","","","","","","","","","","","","","49800","49800"
"20210210","77","12","61","159","66","0","0","","","","","","","0","93","6.83","6.53"
"20210210","77","12","62","35","10","0","0","","","10","20","","","0","15","7.44","7.05"
"20210210","77","12","63","900","1042","0","0","","","0","146","","","558","270","7.5","7.88"
"20210210","77","12","64","253","154","0","0","","","1","10","","","10","100","8","8.47"
"20210217","77","11","31","1112","629","236","506","","","205","126","11","13","6","296","52300","51610"
"20210217","77","11","32","1133","549","287","578","","","60","50","0","1","6","308","55010","53540"
"20210217","77","11","34","","","","","","","","","","","","","58700","57100"
"20210217","77","12","33","26762","5538","9854","10861","0","90320","2203","2196","230","198","90278","20214","41370","39930"
"20210217","77","11","37","177","84","3","91","","","0","5","","","","","53500","51000"
"20210217","77","11","38","253","229","5","29","","","","","","","","","56000","52000"
"20210217","77","12","41","","","","","","","","","","","","","43000","43000"
"20210217","77","12","42","","","","","","","","","","","","","43000","43000"
"20210217","77","12","43","","","","","","","","","","","","","49700","49700"
"20210217","77","12","44","","","","","","","","","","","","","44000","44000"
"20210217","77","12","45","","","","","","","","","","","","","46000","46000"
"20210217","77","12","46","","","","","","","","","","","","","49800","49800"
"20210217","77","12","61","159","66","0","0","","","","","","","0","93","6.87","6.63"
"20210217","77","12","62","35","10","0","0","","","10","20","","","0","15","7.37","7.14"
"20210217","77","12","63","900","1042","0","0","","","0","146","","","558","270","7.61","7.99"
"20210217","77","12","64","253","154","0","0","","","1","10","","","10","100","7.9","8.6"
"20210224","77","11","31","1130","697","201","455","","","182","117","11","15","5","245","53130","51820"
"20210224","77","11","32","1060","528","264","529","","","51","42","2","1","4","281","55000","53650"
"20210224","77","11","34","","","","","","","","","","","","","58000","56800"
"20210224","77","12","33","26526","5347","6883","8465","0","89888","1657","1691","263","211","92038","21765","41360","40160"
"20210224","77","11","37","310","198","3","114","","","0","1","","","","","55500","51000"
"20210224","77","11","38","358","348","5","14","","","0","1","","","","","57000","53400"
"20210224","77","12","41","","","","","","","","","","","","","43000","43000"
"20210224","77","12","42","","","","","","","","","","","","","43000","43000"
"20210224","77","12","43","","","","","","","","","","","","","49700","49700"
"20210224","77","12","44","","","","","","","","","","","","","44000","44000"
"20210224","77","12","45","","","","","","","","","","","","","46000","46000"
"20210224","77","12","46","","","","","","","","","","","","","49800","49800"
"20210224","77","12","61","159","66","0","0","","","","","","","0","93","6.87","6.68"
"20210224","77","12","62","35","10","0","0","","","10","20","","","0","15","7.35","7.2"
"20210224","77","12","63","900","1042","0","0","","","0","146","","","558","270","7.55","8.09"
"20210224","77","12","64","253","154","0","0","","","1","10","","","10","100","7.87","8.69"
"20210303","77","11","31","1096","669","158","390","","","178","97","11","16","10","281","54350","52020"
"20210303","77","11","32","773","315","245","448","","","38","62","2","1","5","237","54810","53160"
"20210303","77","11","34","","","","","","","","","","","","","58700","56800"
"20210303","77","12","33","18244","4442","5686","4950","0","85004","1763","1789","291","180","88142","17761","40930","39550"
"20210303","77","11","37","10","10","3","2","","","0","1","","","","","55000","53800"
"20210303","77","11","38","7","12","5","0","","","","","","","","","57500","54000"
"20210303","77","12","41","","","","","","","","","","","","","43000","43000"
"20210303","77","12","42","","","","","","","","","","","","","43000","43000"
"20210303","77","12","43","","","","","","","","","","","","","49700","49700"
"20210303","77","12","44","","","","","","","","","","","","","44000","44000"
"20210303","77","12","45","","","","","","","","","","","","","46000","46000"
"20210303","77","12","46","","","","","","","","","","","","","49800","49800"
"20210303","77","12","61","135","15","0","0","","","0","120","","","","","6.31","6.96"
"20210303","77","12","62","5","0","0","0","","","5","10","","","","","6.61","8.04"
"20210303","77","12","63","525","517","0","0","","","0","146","","","408","270","7.4","8.35"
"20210303","77","12","64","763","70","0","0","","","0","600","","","7","100","7.95","9.48"
"20210310","77","11","31","1200","833","191","405","","","184","88","10","13","58","304","57790","55210"
"20210310","77","11","32","778","366","256","450","","","44","49","0","1","5","217","58000","55960"
"20210310","77","11","34","","","","","","","","","","","","","61300","59600"
"20210310","77","12","33","18733","4919","10035","10175","0","84569","2717","2696","313","241","88412","17610","44130","42440"
"20210310","77","11","37","130","40","2","92","","","","","","","","","59490","55700"
"20210310","77","11","38","32","37","5","0","","","","","","","","","59000","54800"
"20210310","77","12","41","","","","","","","","","","","","","43000","43000"
"20210310","77","12","42","","","","","","","","","","","","","43000","43000"
"20210310","77","12","43","","","","","","","","","","","","","49700","49700"
"20210310","77","12","44","","","","","","","","","","","","","44000","44000"
"20210310","77","12","45","","","","","","","","","","","","","46000","46000"
"20210310","77","12","46","","","","","","","","","","","","","49800","49800"
"20210310","77","12","61","135","15","0","0","","","0","120","","","","","6.52","7.33"
"20210310","77","12","62","5","0","0","0","","","5","10","","","","","6.84","8.49"
"20210310","77","12","63","525","517","0","0","","","0","146","","","408","270","7.64","8.65"
"20210310","77","12","64","764","70","0","0","","","0","601","","","7","100","8.35","9.84"
"20210317","77","11","31","1288","900","226","417","","","188","87","10","15","4","297","58630","56860"
"20210317","77","11","32","835","418","295","458","","","41","73","","","2","224","58950","57240"
"20210317","77","11","34","","","","","","","","","","","","","62200","60600"
"20210317","77","12","33","18750","5046","10618","10315","0","87460","2318","2293","314","314","92719","19291","45540","43960"
"20210317","77","11","37","180","80","2","101","","","0","1","","","","","59500","55700"
"20210317","77","11","38","67","72","5","0","","","","","","","","","60500","56100"
"20210317","77","12","41","","","","","","","","","","","","","43000","43000"
"20210317","77","12","42","","","","","","","","","","","","","43000","43000"
"20210317","77","12","43","","","","","","","","","","","","","49700","49700"
"20210317","77","12","44","","","","","","","","","","","","","44000","44000"
"20210317","77","12","45","","","","","","","","","","","","","46000","46000"
"20210317","77","12","46","","","","","","","","","","","","","49800","49800"
"20210317","77","12","61","135","15","0","0","","","0","120","","","","","6.57","7.45"
"20210317","77","12","62","5","0","0","0","","","5","10","","","","","6.89","8.61"
"20210317","77","12","63","525","517","0","0","","","0","146","","","408","270","7.71","8.75"
"20210317","77","12","64","1364","70","0","0","","","0","601","","","7","700","8.43","9.93"
"20210324","77","11","31","1354","983","244","403","","","189","133","2","12","6","264","52900","51750"
"20210324","77","11","32","867","491","274","416","","","38","77","","","8","203","54500","52750"
"20210324","77","11","34","","","","","","","","","","","","","58500","57200"
"20210324","77","12","33","18638","5300","8914","9012","0","78523","1865","2219","180","265","85726","20004","40620","39510"
"20210324","77","11","37","293","228","8","73","","","","","","","","","55500","56000"
"20210324","77","11","38","128","177","49","0","","","","","","","","","56800","56600"
"20210324","77","12","41","","","","","","","","","","","","","43000","43000"
"20210324","77","12","42","","","","","","","","","","","","","43000","43000"
"20210324","77","12","43","","","","","","","","","","","","","49700","49700"
"20210324","77","12","44","","","","","","","","","","","","","44000","44000"
"20210324","77","12","45","","","","","","","","","","","","","46000","46000"
"20210324","77","12","46","","","","","","","","","","","","","49800","49800"
"20210324","77","12","61","135","15","0","0","","","0","120","","","","","6.44","7.17"
"20210324","77","12","62","5","0","0","0","","","5","10","","","","","6.75","8.29"
"20210324","77","12","63","525","517","0","0","","","0","236","","","498","270","7.2","8.42"
"20210324","77","12","64","1364","70","0","0","","","0","601","","","7","700","8.14","9.55"
"20210331","77","11","31","1115","781","239","361","","","214","155","3","9","3","268","56820","55140"
"20210331","77","11","32","774","294","257","360","","","47","215","","","8","217","56800","56100"
"20210331","77","11","34","","","","","","","","","","","","","62800","61000"
"20210331","77","12","33","18022","4702","8193","8680","0","85086","2593","2238","215","279","91504","19542","43940","42250"
"20210331","77","11","37","109","48","5","66","","","","","","","","","57800","56000"
"20210331","77","11","38","13","48","35","0","","","","","","","","","59100","56600"
"20210331","77","12","41","","","","","","","","","","","","","43000","43000"
"20210331","77","12","42","","","","","","","","","","","","","43000","43000"
"20210331","77","12","43","","","","","","","","","","","","","49700","49700"
"20210331","77","12","44","","","","","","","","","","","","","44000","44000"
"20210331","77","12","45","","","","","","","","","","","","","46000","46000"
"20210331","77","12","46","","","","","","","","","","","","","49800","49800"
"20210331","77","12","61","336","0","0","0","","","0","336","","","","","6.27","7.63"
"20210331","77","12","62","30","0","0","0","","","0","30","","","","","7.38","8.79"
"20210331","77","12","63","753","453","0","0","","","0","384","","","348","264","7.6","8.44"
"20210331","77","12","64","1205","5","0","0","","","0","601","","","0","599","7.93","9.82"
"20210407","77","11","31","1035","815","231","315","","","244","119","3","7","5","262","56150","54290"
"20210407","77","11","32","774","416","227","363","","","46","81","","","25","212","55760","55000"
"20210407","77","11","34","","","","","","","","","","","","","62000","60300"
"20210407","77","12","33","16067","4796","8444","8016","0","81057","2286","2685","227","314","87999","18155","41650","40690"
"20210407","77","11","37","132","55","5","81","","","0","1","","","","","58500","56600"
"20210407","77","11","38","15","50","35","0","","","","","","","","","58500","57100"
"20210407","77","12","41","","","","","","","","","","","","","43000","43000"
"20210407","77","12","42","","","","","","","","","","","","","43000","43000"
"20210407","77","12","43","","","","","","","","","","","","","49700","49700"
"20210407","77","12","44","","","","","","","","","","","","","44000","44000"
"20210407","77","12","45","","","","","","","","","","","","","46000","46000"
"20210407","77","12","46","","","","","","","","","","","","","49800","49800"
"20210407","77","12","61","336","0","0","0","","","0","336","","","","","6","7.57"
"20210407","77","12","62","32","2","0","0","","","0","30","","","","","6.49","8.87"
"20210407","77","12","63","763","463","0","0","","","0","432","","","384","252","6.95","8.37"
"20210407","77","12","64","1258","58","0","0","","","0","601","","","0","599","6.7","9.92"
"20210414","77","11","31","1009","855","225","319","","","252","122","3","6","5","192","56700","54370"
"20210414","77","11","32","780","448","196","315","","","48","55","","","8","214","56000","55760"
"20210414","77","11","34","","","","","","","","","","","","","62500","61000"
"20210414","77","12","33","17059","5660","9799","10042","0","82454","2549","2813","212","331","91965","20284","42300","41370"
"20210414","77","11","37","188","93","5","99","","","0","1","","","","","57500","56600"
"20210414","77","11","38","51","76","25","0","","","","","","","","","57500","57100"
"20210414","77","12","41","","","","","","","","","","","","","43000","43000"
"20210414","77","12","42","","","","","","","","","","","","","43000","43000"
"20210414","77","12","43","","","","","","","","","","","","","49700","49700"
"20210414","77","12","44","","","","","","","","","","","","","44000","44000"
"20210414","77","12","45","","","","","","","","","","","","","46000","46000"
"20210414","77","12","46","","","","","","","","","","","","","49800","49800"
"20210414","77","12","61","351","15","0","0","","","0","336","","","","","6.54","7.51"
"20210414","77","12","62","35","4","0","0","","","0","31","","","","","6.38","8.83"
"20210414","77","12","63","871","470","0","0","","","0","433","","","384","352","7.41","8.32"
"20210414","77","12","64","1258","58","0","0","","","0","751","","","0","449","7.01","9.88"
"20210421","77","11","31","1083","906","322","243","","","261","142","3","5","22","395","58900","54900"
"20210421","77","11","32","824","494","132","243","","","27","40","","","15","221","55870","55950"
"20210421","77","11","34","","","","","","","","","","","","","61800","60300"
"20210421","77","12","33","18198","7174","7923","8959","0","79786","2252","2417","228","341","89873","19797","42930","41500"
"20210421","77","11","37","294","220","5","79","","","","","","","","","59900","56600"
"20210421","77","11","38","136","137","23","22","","","","","","","","","58350","57100"
"20210421","77","12","41","","","","","","","","","","","","","43000","43000"
"20210421","77","12","42","","","","","","","","","","","","","43000","43000"
"20210421","77","12","43","","","","","","","","","","","","","49700","49700"
"20210421","77","12","44","","","","","","","","","","","","","44000","44000"
"20210421","77","12","45","","","","","","","","","","","","","46000","46000"
"20210421","77","12","46","","","","","","","","","","","","","49800","49800"
"20210421","77","12","61","351","15","0","0","","","0","390","","","54","0","6.98","7.61"
"20210421","77","12","62","275","4","0","0","","","0","370","","","99","0","7.07","8.93"
"20210421","77","12","63","876","470","0","0","","","0","438","","","384","352","7.49","8.43"
"20210421","77","12","64","1258","58","0","0","","","0","751","","","0","449","7.05","9.98"
"20210428","77","11","31","887","745","324","245","","","238","140","3","5","12","329","57210","55370"
"20210428","77","11","32","680","396","148","181","","","39","44","","","7","253","56710","57330"
"20210428","77","11","34","","","","","","","","","","","","","62400","61200"
"20210428","77","12","33","19325","7678","7096","8008","0","80402","2114","2144","250","418","89334","19469","43630","42420"
"20210428","77","11","37","29","18","5","16","","","","","","","","","58100","56600"
"20210428","77","11","38","7","31","24","0","","","","","","","","","58100","57100"
"20210428","77","12","41","","","","","","","","","","","","","43000","43000"
"20210428","77","12","42","","","","","","","","","","","","","43000","43000"
"20210428","77","12","43","","","","","","","","","","","","","49700","49700"
"20210428","77","12","44","","","","","","","","","","","","","44000","44000"
"20210428","77","12","45","","","","","","","","","","","","","46000","46000"
"20210428","77","12","46","","","","","","","","","","","","","49800","49800"
"20210428","77","12","61","441","115","0","0","","","10","390","","","54","0","7.61","7.63"
"20210428","77","12","62","714","293","0","0","","","0","370","","","0","51","7.19","8.95"
"20210428","77","12","63","943","531","0","0","","","0","438","","","378","352","7.59","8.43"
"20210428","77","12","64","1409","109","0","0","","","0","751","","","0","549","8","9.98"
"20210430","77","11","31","880","741","342","247","","","234","134","3","5","7","339","58050","56070"
"20210430","77","11","32","691","419","116","153","","","43","60","","","7","225","57610","57940"
"20210430","77","11","34","","","","","","","","","","","","","62600","62100"
"20210430","77","12","33","19428","7744","6322","7953","0","79361","2038","1855","263","337","88765","19566","44520","43270"
"20210430","77","11","37","29","18","5","16","","","","","","","","","58100","56600"
"20210430","77","11","38","7","31","24","0","","","","","","","","","59800","57100"
"20210430","77","12","41","","","","","","","","","","","","","43000","43000"
"20210430","77","12","42","","","","","","","","","","","","","43000","43000"
"20210430","77","12","43","","","","","","","","","","","","","49700","49700"
"20210430","77","12","44","","","","","","","","","","","","","44000","44000"
"20210430","77","12","45","","","","","","","","","","","","","46000","46000"
"20210430","77","12","46","","","","","","","","","","","","","49800","49800"
"20210430","77","12","61","413","115","0","0","","","10","362","","","54","0","8.12","8.64"
"20210430","77","12","62","734","343","0","0","","","0","340","","","0","51","8.85","11.1"
"20210430","77","12","63","729","467","0","0","","","0","422","","","328","168","8.93","9.44"
"20210430","77","12","64","1304","54","0","0","","","0","700","","","0","550","9.45","12.02"
"20210512","77","11","31","862","743","347","259","","","255","107","3","5","14","367","59530","57350"
"20210512","77","11","32","733","449","102","165","","","61","67","","","21","236","58950","59240"
"20210512","77","11","34","","","","","","","","","","","","","64000","62600"
"20210512","77","12","33","18010","6819","7560","8383","0","77813","2607","2615","290","382","77753","10208","45130","44080"
"20210512","77","11","37","50","39","5","16","","","","","","","","","60900","56600"
"20210512","77","11","38","10","34","24","0","","","","","","","","","62500","57100"
"20210512","77","12","41","","","","","","","","","","","","","43000","43000"
"20210512","77","12","42","","","","","","","","","","","","","43000","43000"
"20210512","77","12","43","","","","","","","","","","","","","49700","49700"
"20210512","77","12","44","","","","","","","","","","","","","44000","44000"
"20210512","77","12","45","","","","","","","","","","","","","46000","46000"
"20210512","77","12","46","","","","","","","","","","","","","49800","49800"
"20210512","77","12","61","453","155","0","0","","","10","362","","","54","0","8.1","8.66"
"20210512","77","12","62","734","343","0","0","","","0","340","","","0","51","8.76","11.31"
"20210512","77","12","63","931","690","0","0","","","0","471","","","429","199","8.2","9.59"
"20210512","77","12","64","1361","54","0","0","","","0","753","","","0","554","9.34","12.28"
"20210519","77","11","31","842","801","196","212","","","194","86","3","5","15","146","58800","56110"
"20210519","77","11","32","679","433","56","150","","","27","53","","","61","187","58010","57990"
"20210519","77","11","34","","","","","","","","","","","","","64500","62800"
"20210519","77","12","33","16655","6876","9348","10225","0","71921","2343","2381","296","417","75679","12501","45060","43640"
"20210519","77","11","37","198","143","5","60","","","","","","","","","60000","57600"
"20210519","77","11","38","36","54","18","0","","","","","","","","","61000","58100"
"20210519","77","12","41","","","","","","","","","","","","","43000","43000"
"20210519","77","12","42","","","","","","","","","","","","","43000","43000"
"20210519","77","12","43","","","","","","","","","","","","","49700","49700"
"20210519","77","12","44","","","","","","","","","","","","","44000","44000"
"20210519","77","12","45","","","","","","","","","","","","","46000","46000"
"20210519","77","12","46","","","","","","","","","","","","","49800","49800"
"20210519","77","12","61","504","176","0","5","","","10","367","","","54","20","8.12","8.53"
"20210519","77","12","62","910","379","0","0","","","0","380","","","0","151","8.71","11.19"
"20210519","77","12","63","981","1445","5","0","","","0","471","","","1129","199","8.33","9.47"
"20210519","77","12","64","1365","58","0","0","","","0","843","","","0","464","9.39","12.16"
"20210526","77","11","31","668","667","239","244","","","205","91","4","8","14","120","59370","56150"
"20210526","77","11","32","500","342","52","128","","","23","34","","","38","109","58090","58480"
"20210526","77","11","34","","","","","","","","","","","","","65000","63200"
"20210526","77","12","33","16709","6780","7692","7979","0","70749","2312","2309","324","406","76757","15571","45450","44020"
"20210526","77","11","37","11","16","5","0","","","","","","","","","60000","58600"
"20210526","77","11","38","4","17","13","0","","","","","","","","","59800","59400"
"20210526","77","12","41","","","","","","","","","","","","","43000","43000"
"20210526","77","12","42","","","","","","","","","","","","","43000","43000"
"20210526","77","12","43","","","","","","","","","","","","","49700","49700"
"20210526","77","12","44","","","","","","","","","","","","","44000","44000"
"20210526","77","12","45","","","","","","","","","","","","","46000","46000"
"20210526","77","12","46","","","","","","","","","","","","","49800","49800"
"20210526","77","12","61","865","208","0","5","","","10","697","","","55","20","8.32","8.5"
"20210526","77","12","62","980","449","0","0","","","0","440","","","40","131","8.72","11.16"
"20210526","77","12","63","1191","1446","5","0","","","0","693","","","1142","199","8.4","9.48"
"20210526","77","12","64","1429","59","0","0","","","0","843","","","0","527","9.44","12.17"
"20210602","77","11","31","673","681","279","255","","","210","94","3","3","17","149","60950","57700"
"20210602","77","11","32","546","353","43","154","","","52","51","","","28","111","60430","59890"
"20210602","77","11","34","","","","","","","","","","","","","66800","64800"
"20210602","77","12","33","15359","5348","5925","7592","0","67266","2142","2123","383","351","73421","14550","46780","45400"
"20210602","77","11","37","12","17","5","0","","","","","","","","","61200","59300"
"20210602","77","11","38","4","17","13","0","","","","","","","","","61400","60900"
"20210602","77","12","41","","","","","","","","","","","","","43000","43000"
"20210602","77","12","42","","","","","","","","","","","","","43000","43000"
"20210602","77","12","43","","","","","","","","","","","","","49700","49700"
"20210602","77","12","44","","","","","","","","","","","","","44000","44000"
"20210602","77","12","45","","","","","","","","","","","","","46000","46000"
"20210602","77","12","46","","","","","","","","","","","","","49800","49800"
"20210602","77","12","61","939","301","0","5","","","10","678","","","55","20","11.82","9.29"
"20210602","77","12","62","1025","795","0","0","","","0","439","","","340","131","15","12.21"
"20210602","77","12","63","1114","1441","5","0","","","0","676","","","1113","115","12.37","10.25"
"20210602","77","12","64","1326","56","0","0","","","0","793","","","0","477","15.72","13.75"
"20210609","77","11","31","708","764","348","194","","","198","129","3","3","2","169","61950","59040"
"20210609","77","11","32","591","388","67","199","","","31","21","","","9","90","61300","61040"
"20210609","77","11","34","","","","","","","","","","","","","67700","65500"
"20210609","77","12","33","15547","5462","8848","10688","0","67792","2796","2700","394","349","74237","14831","48060","46520"
"20210609","77","11","37","58","43","2","17","","","","","","","","","62840","61100"
"20210609","77","11","38","12","25","13","0","","","","","","","","","64000","62400"
"20210609","77","12","41","","","","","","","","","","","","","43000","43000"
"20210609","77","12","42","","","","","","","","","","","","","43000","43000"
"20210609","77","12","43","","","","","","","","","","","","","49700","49700"
"20210609","77","12","44","","","","","","","","","","","","","44000","44000"
"20210609","77","12","45","","","","","","","","","","","","","46000","46000"
"20210609","77","12","46","","","","","","","","","","","","","49800","49800"
"20210609","77","12","61","939","311","0","4","","","10","679","","","65","20","11.71","9.28"
"20210609","77","12","62","1075","845","0","0","","","0","439","","","340","131","15.3","12.25"
"20210609","77","12","63","1129","1596","4","0","","","0","691","","","1269","115","12.01","10.31"
"20210609","77","12","64","1329","59","0","0","","","0","793","","","0","477","16.56","13.8"
"20210616","77","11","31","788","845","415","244","","","158","108","3","6","6","167","65550","60340"
"20210616","77","11","32","618","420","67","188","","","30","23","","","8","92","62710","62150"
"20210616","77","11","34","","","","","","","","","","","","","68500","66400"
"20210616","77","12","33","16246","5883","10297","12214","0","68320","2508","2583","400","370","74470","14551","49680","47760"
"20210616","77","11","37","239","176","2","65","","","","","","","","","64900","61100"
"20210616","77","11","38","21","34","13","0","","","","","","","","","64900","62400"
"20210616","77","12","41","","","","","","","","","","","","","43000","43000"
"20210616","77","12","42","","","","","","","","","","","","","43000","43000"
"20210616","77","12","43","","","","","","","","","","","","","49700","49700"
"20210616","77","12","44","","","","","","","","","","","","","44000","44000"
"20210616","77","12","45","","","","","","","","","","","","","46000","46000"
"20210616","77","12","46","","","","","","","","","","","","","49800","49800"
"20210616","77","12","61","945","326","0","0","","","10","762","","","153","20","10.84","9.4"
"20210616","77","12","62","1075","845","0","0","","","0","439","","","340","131","15.4","12.38"
"20210616","77","12","63","1141","1607","0","0","","","0","931","","","1512","115","11.35","10.46"
"20210616","77","12","64","1329","59","0","0","","","0","893","","","23","400","15.79","13.94"
"20210623","77","11","31","803","848","407","309","","","141","74","3","11","22","134","65000","61240"
"20210623","77","11","32","644","445","67","209","","","29","20","","","5","71","63250","62880"
"20210623","77","11","34","","","","","","","","","","","","","68300","66300"
"20210623","77","12","33","16167","5975","9229","10928","0","68945","2508","2431","418","331","74249","13961","50460","48420"
"20210623","77","11","37","432","345","2","89","","","","","","","","","65800","61100"
"20210623","77","11","38","137","129","7","15","","","","","","","","","65300","64000"
"20210623","77","12","41","","","","","","","","","","","","","43000","43000"
"20210623","77","12","42","","","","","","","","","","","","","43000","43000"
"20210623","77","12","43","","","","","","","","","","","","","49700","49700"
"20210623","77","12","44","","","","","","","","","","","","","44000","44000"
"20210623","77","12","45","","","","","","","","","","","","","46000","46000"
"20210623","77","12","46","","","","","","","","","","","","","49800","49800"
"20210623","77","12","61","1145","527","0","0","","","10","762","","","154","20","10.72","9.26"
"20210623","77","12","62","1110","845","0","0","","","0","444","","","340","161","15.33","12.24"
"20210623","77","12","63","1141","1607","0","0","","","0","932","","","1513","115","11.14","10.34"
"20210623","77","12","64","1337","67","0","0","","","0","1293","","","423","400","15.8","13.86"
"20210630","77","11","31","711","710","450","336","","","149","125","3","11","16","147","64900","61330"
"20210630","77","11","32","505","438","118","129","","","41","36","","","11","72","64500","62870"
"20210630","77","11","34","","","","","","","","","","","","","68600","66300"
"20210630","77","12","33","16321","6567","7985","9762","0","68722","2459","2174","372","460","73899","13351","50350","48250"
"20210630","77","11","37","8","10","2","0","","","","","","","","","63300","62500"
"20210630","77","11","38","25","32","7","0","","","","","","","","","65500","64000"
"20210630","77","12","41","","","","","","","","","","","","","43000","43000"
"20210630","77","12","42","","","","","","","","","","","","","43000","43000"
"20210630","77","12","43","","","","","","","","","","","","","49700","49700"
"20210630","77","12","44","","","","","","","","","","","","","44000","44000"
"20210630","77","12","45","","","","","","","","","","","","","46000","46000"
"20210630","77","12","46","","","","","","","","","","","","","49800","49800"
"20210630","77","12","61","1078","478","0","0","","","0","734","","","154","20","14.31","8.61"
"20210630","77","12","62","974","709","0","0","","","0","444","","","340","161","17.5","10.7"
"20210630","77","12","63","1037","1606","0","0","","","0","914","","","1483","0","14.45","9.31"
"20210630","77","12","64","1193","21","0","0","","","0","1245","","","423","350","18.52","11.27"
